{
    "sla_unfiltered": {
        "min": -1.5,
        "max": 1.5,
        "mean": 0.058451925726406374,
        "std": 0.091408422422446
    }
}