{
    "sea_surface_temperature": {
        "min": -3,
        "max": 36,
        "mean": 6.88650348220456,
        "std": 11.454291359293737
    }
}